id,src,alt,category,title
1,https://i.postimg.cc/y6nMpbfG/1.avif,Beautiful Anime Scene,anime,Beautiful Anime Scene
2,https://i.postimg.cc/D0CRWSJh/2.avif,Shri Rasik Bihari Ji,spiritual,Shri Rasik Bihari Ji
3,https://i.postimg.cc/ncz6yGgh/3.avif,Anime Character,anime,Anime Character
4,https://i.postimg.cc/d3Qzt20n/4.avif,Scenic Landscape,landscape,Scenic Landscape
5,https://i.postimg.cc/wjYQX6XY/5.avif,Anime Art,anime,Anime Art
6,https://i.postimg.cc/PfpyhkC8/1.avif,Anime Scene,anime,Anime Scene
7,https://i.postimg.cc/jSdJxzMk/10.avif,Mountain View,landscape,Mountain View
8,https://i.postimg.cc/9XYMDDw3/11.avif,Anime Fantasy,anime,Anime Fantasy
9,https://i.postimg.cc/V6TFMKV6/12.avif,Natural Beauty,nature,Natural Beauty
10,https://i.postimg.cc/TP3js881/13.avif,Anime Portrait,anime,Anime Portrait
11,https://i.postimg.cc/xT9X5vVT/14.avif,Anime Style,anime,Anime Style
12,https://i.postimg.cc/bN1RDHHy/15.avif,Anime Design,anime,Anime Design
13,https://i.postimg.cc/dVvj8k48/16.avif,Panoramic View,landscape,Panoramic View
14,https://i.postimg.cc/J0k5QjfQ/2.avif,Anime Collection,anime,Anime Collection
15,https://i.postimg.cc/HWwJbSKh/3.avif,Forest Scene,nature,Forest Scene
16,https://i.postimg.cc/ZnxCZRpS/4.avif,Anime World,anime,Anime World
17,https://i.postimg.cc/C1y1qD40/5.avif,Anime Aesthetic,anime,Anime Aesthetic
18,https://i.postimg.cc/ZYGc5DNs/6.avif,Anime Vision,anime,Anime Vision
19,https://i.postimg.cc/WbShHdsm/7.avif,Anime Dreams,anime,Anime Dreams
20,https://i.postimg.cc/3xcW3z4d/8.avif,Anime Magic,anime,Anime Magic
21,https://i.postimg.cc/mDhwtvVJ/9.avif,Anime Spirit,anime,Anime Spirit
22,https://i.postimg.cc/3wBhKcxP/17.avif,Anime Journey,anime,Anime Journey
23,https://i.postimg.cc/MKVKCt18/18.avif,Anime Adventure,anime,Anime Adventure
